PVP,Edad_Media_Coche,Km_Medio_Por_Revision,churn_percentage,Revision,Margen
21818,1.9791666666666667,56905,0.1875,1.0,33.0
22814,2.0634920634920637,31952,0.5873015873015873,1.0,33.0
31968,3.1666666666666665,93782,0.16666666666666666,1.0,43.0
28719,1.6666666666666667,58609,0.0,1.0,43.0
17550,1.9626168224299065,39867,0.29439252336448596,1.0,33.0
29003,2.096774193548387,78216,0.0967741935483871,1.0,33.0
24048,1.0,0,0.3333333333333333,1.0,33.0
24165,4.5,42115,0.5,1.0,33.0
16199,2.234375,29681,0.53125,1.0,33.0
31187,1.5625,44133,0.0,1.0,5.0
30022,2.4444444444444446,10419,0.7037037037037037,1.0,43.0
28765,2.7083333333333335,49002,0.25,1.0,43.0
19448,1.0,0,1.0,1.0,33.0
30377,2.168032786885246,15803,0.4672131147540984,1.0,33.0
28078,2.4,42366,0.2,1.0,43.0
33726,2.76,25209,0.52,1.0,43.0
29149,2.5714285714285716,42694,0.17857142857142858,1.0,43.0
24904,1.1818181818181819,56560,0.0,1.0,33.0
22960,1.8279569892473118,54412,0.11827956989247312,1.0,33.0
22290,1.5454545454545454,16702,0.5454545454545454,1.0,33.0
16122,2.0,49458,0.375,1.0,28.0
26278,1.935483870967742,53335,0.06451612903225806,1.0,33.0
30262,1.9375,52677,0.140625,1.0,5.0
29103,1.75,56926,0.03571428571428571,1.0,43.0
23547,2.130630630630631,9208,0.5765765765765766,1.0,43.0
29080,2.3333333333333335,20232,0.543859649122807,1.0,43.0
32916,2.4297520661157024,60657,0.08264462809917356,1.008333333333,43.0
16391,0.0,0,0.0,1.0,33.0
34808,2.09009009009009,56314,0.14414414414414414,1.0,5.0
21812,2.4,44310,0.3,1.0,33.0
26389,2.0408719346049047,56565,0.18256130790190736,1.0,33.0
28642,2.3846153846153846,50810,0.3076923076923077,1.0,5.0
29389,0.0,0,0.0,1.0,33.0
23484,2.0,32429,0.6,1.0,33.0
31001,2.185185185185185,49644,0.17901234567901234,1.0,33.0
26495,1.96137339055794,39469,0.18025751072961374,1.0,43.0
23378,1.9195402298850575,49088,0.06896551724137931,1.0,43.0
19949,2.0555555555555554,54144,0.19444444444444445,1.0,33.0
23687,1.847457627118644,54424,0.13559322033898305,1.0,33.0
22937,4.333333333333333,149119,0.3333333333333333,1.0,33.0
25004,2.079136690647482,52981,0.2517985611510791,1.0,33.0
32578,1.9298245614035088,39585,0.10526315789473684,1.0,33.0
20922,1.0,30112,0.0,1.0,33.0
21672,2.6666666666666665,70816,0.16666666666666666,1.0,33.0
22004,2.0,36205,0.3333333333333333,1.0,33.0
23246,2.6363636363636362,73669,0.36363636363636365,1.0,33.0
24228,1.8373983739837398,43054,0.08943089430894309,1.0,43.0
32392,1.9005235602094241,10343,0.5654450261780105,1.010582010582,33.0
33471,1.0,0,1.0,1.0,33.0
34307,0.0,0,0.0,1.0,5.0
33720,0.0,0,0.0,1.0,43.0
20089,2.2167832167832167,25397,0.3776223776223776,1.0,33.0
27909,2.1810344827586206,55081,0.3103448275862069,1.0,33.0
24274,2.0386473429951693,34916,0.2608695652173913,1.0,43.0
22353,2.1481481481481484,37341,0.35185185185185186,1.0,33.0
18861,2.125,33218,0.125,1.0,33.0
25353,2.0,64521,0.15384615384615385,1.0,33.0
24420,4.333333333333333,0,1.0,1.0,42.0
12581,2.2794117647058822,36118,0.3235294117647059,1.0,28.0
25316,2.21981981981982,35147,0.3027027027027027,1.0,33.0
16660,2.4047619047619047,34743,0.5595238095238095,1.0,33.0
29395,1.5,25708,0.2857142857142857,1.0,33.0
33474,1.0,41486,0.2,1.0,33.0
19056,2.183673469387755,40568,0.40816326530612246,1.0,33.0
13056,1.9508196721311475,29998,0.3401639344262295,1.0,28.0
25671,1.9574468085106382,55582,0.1276595744680851,1.0,37.0
21331,1.8333333333333333,52101,0.3333333333333333,1.0,33.0
28874,4.0,185013,0.0,1.0,33.0
22445,2.5714285714285716,65170,0.14285714285714285,1.0,33.0
20026,0.0,17198,0.0,1.0,33.0
14788,0.0,0,0.0,1.0,28.0
15094,1.7966101694915255,45410,0.3050847457627119,1.0,28.0
23321,2.0779220779220777,31213,0.29545454545454547,1.0,33.0
28396,2.0217391304347827,55797,0.06521739130434782,1.0,43.0
23060,1.7916666666666667,0,0.75,1.0,33.0
22562,1.4444444444444444,20613,0.3333333333333333,1.0,33.0
26624,2.0572916666666665,14787,0.5208333333333334,1.0,43.0
24632,2.269230769230769,19301,0.5192307692307693,1.0,42.0
23913,1.8461538461538463,18142,0.3974358974358974,1.006451612903,43.0
21970,2.5714285714285716,73284,0.14285714285714285,1.0,33.0
24411,2.090909090909091,32041,0.5454545454545454,1.0,33.0
20524,1.7107438016528926,41005,0.256198347107438,1.0,33.0
25193,1.4444444444444444,8276,0.2222222222222222,1.0,33.0
25857,1.4285714285714286,28723,0.2857142857142857,1.0,33.0
30434,3.75,86796,0.25,1.0,33.0
28021,2.0,21349,0.5,1.0,33.0
25957,1.7878787878787878,44847,0.24242424242424243,1.0,33.0
19342,2.58,67502,0.18,1.0,33.0
23301,1.5555555555555556,49528,0.1111111111111111,1.0,33.0
12160,2.4246575342465753,37729,0.5753424657534246,1.0,28.0
21741,3.0,67435,0.14285714285714285,1.0,33.0
21990,2.0969387755102042,17208,0.5119047619047619,1.006849315068,33.0
36634,2.1185410334346506,11557,0.5683890577507599,1.003048780487,43.0
19820,2.3181818181818183,46753,0.2727272727272727,1.0,33.0
23899,1.896551724137931,34448,0.3793103448275862,1.0,33.0
22227,1.0,46853,0.14285714285714285,1.0,33.0
34974,2.4,36735,0.13333333333333333,1.0,43.0
33053,1.5789473684210527,43551,0.05263157894736842,1.0,33.0
21337,2.0847457627118646,43307,0.3559322033898305,1.0,33.0
30989,2.4,29895,0.2,1.0,33.0
22880,2.0,50664,0.0,1.0,43.0
27337,0.5,22850,0.0,1.0,33.0
30503,1.0,30368,0.0,1.0,43.0
14957,1.9333333333333333,38353,0.4666666666666667,1.0,28.0
35601,2.1666666666666665,14409,0.3888888888888889,1.0,43.0
17948,0.0,0,0.0,1.0,33.0
16225,2.26271186440678,34368,0.5296610169491526,1.0,32.95762711864407
30291,1.5,29495,0.2,1.0,33.0
24987,1.9565217391304348,34506,0.17391304347826086,1.0,33.0
34384,2.090909090909091,42529,0.18181818181818182,1.0,33.0
30056,1.5384615384615385,48735,0.15384615384615385,1.0,33.0
29956,1.6,13590,0.4,1.0,33.0
25628,2.0,46997,0.0,1.0,33.0
24589,3.0,0,1.0,1.0,33.0
20361,2.1176470588235294,50345,0.17647058823529413,1.0,33.0
26263,2.0,47659,0.17391304347826086,1.0,33.0
22033,2.7142857142857144,27168,0.7142857142857143,1.0,33.0
15443,3.5,48188,1.0,1.0,28.0
21935,1.0,44708,0.0,1.0,37.0
24099,1.0,0,1.0,1.0,33.0
29166,2.0,60841,0.3333333333333333,1.0,33.0
23707,1.8095238095238095,45889,0.19047619047619047,1.0,33.0
24297,1.8695652173913044,44493,0.17391304347826086,1.0,33.0
15100,2.875,12155,0.875,1.0,28.0
27002,1.5,41786,0.0,1.0,43.0
29707,2.4285714285714284,33032,0.3333333333333333,1.0,43.0
19731,2.361904761904762,58312,0.37142857142857144,1.0,33.0
10909,2.314814814814815,23397,0.6604938271604939,1.0,28.0
18403,1.631578947368421,32802,0.15789473684210525,1.0,33.0
28221,2.75,89248,0.0,1.0,43.0
13494,1.5454545454545454,25592,0.3181818181818182,1.0,28.0
25874,1.9137931034482758,43684,0.25,1.0,33.0
24878,1.2857142857142858,27831,0.42857142857142855,1.0,33.0
32821,1.5,58599,0.0,1.0,33.0
23999,0.0,0,0.0,1.0,33.0
24191,2.3055555555555554,49832,0.1111111111111111,1.0,43.0
34765,1.75,52227,0.0,1.0,33.0
25851,1.5384615384615385,64809,0.15384615384615385,1.0,33.0
29432,1.25,34882,0.0,1.0,33.0
22717,2.0681818181818183,0,0.7727272727272727,1.0,33.0
28127,2.125,64126,0.0,1.0,43.0
24832,2.1875,37468,0.3125,1.0,43.0
24045,2.15625,40269,0.40625,1.0,33.0
30119,0.5,20024,0.0,1.0,33.0
20232,1.1428571428571428,12194,0.2857142857142857,1.0,33.0
32226,2.0,63059,0.0,1.0,33.0
33560,2.0,63186,0.3333333333333333,1.0,43.0
20470,2.0617760617760617,28166,0.36293436293436293,1.003875968992,33.0
27626,1.3333333333333333,45028,0.0,1.0,33.0
21798,2.0,0,1.0,1.0,33.0
34247,2.4210526315789473,24233,0.5263157894736842,1.0,33.0
21583,1.3,35411,0.0,1.0,33.0
19614,2.0286343612334803,16349,0.4801762114537445,1.0,33.0
17524,2.3141025641025643,6340,0.6730769230769231,1.006451612903,28.0
21529,2.0,14047,0.4,1.0,33.0
32990,2.018450184501845,60517,0.11439114391143912,1.003703703703,5.0
22170,1.9285714285714286,33779,0.5,1.0,33.0
28121,2.272727272727273,60937,0.09090909090909091,1.0,33.0
18973,1.0,0,0.6666666666666666,1.0,33.0
21088,1.9230769230769231,35359,0.15384615384615385,1.0,33.0
19637,1.6666666666666667,0,0.6666666666666666,1.0,33.0
33717,1.9361702127659575,7334,0.6170212765957447,1.0,33.0
20982,2.05188679245283,43267,0.38207547169811323,1.0,34.132075471698116
30136,2.015625,54669,0.015625,1.015873015873,43.0
23982,2.3333333333333335,36425,0.3333333333333333,1.0,37.0
25559,1.8636363636363635,19634,0.3181818181818182,1.0,33.0
15824,1.8571428571428572,48166,0.2857142857142857,1.0,28.0
29532,1.0,52550,0.0,1.0,33.0
22216,2.238095238095238,53744,0.14285714285714285,1.0,33.0
20341,2.5,109264,0.5,1.0,33.0
20936,1.9929078014184398,42208,0.3404255319148936,1.0,33.0
22940,2.3529411764705883,32362,0.3176470588235294,1.0,33.0
18363,1.75,39763,0.3,1.0,33.0
30182,1.7567567567567568,38488,0.08108108108108109,1.0,43.0
19359,2.5,0,1.0,1.0,42.0
31988,1.8557692307692308,8767,0.5480769230769231,1.0,43.0
20295,1.9757785467128028,39625,0.39792387543252594,1.003472222222,33.0
22262,2.2222222222222223,32347,0.4444444444444444,1.0,33.0
13348,2.8333333333333335,86797,0.16666666666666666,1.0,28.0
24623,1.0,38627,0.0,1.0,33.0
29386,1.4594594594594594,46971,0.1891891891891892,1.0,33.0
14244,2.6,0,0.8,1.0,28.0
27423,0.75,11491,0.25,1.0,33.0
19253,1.0,0,1.0,1.0,28.0
14290,1.7560975609756098,18862,0.5365853658536586,1.0,28.0
21028,1.65,26036,0.4,1.0,33.0
28845,2.6,50188,0.3,1.0,37.0
31602,0.0,0,0.0,1.0,33.0
28453,2.0948905109489053,42489,0.17518248175182483,1.004188481675,43.0
29584,2.2222222222222223,46656,0.16666666666666666,1.0,33.0
29240,2.141078838174274,44465,0.17427385892116182,1.0,42.95850622406639
33863,1.9401709401709402,6202,0.5982905982905983,1.0,43.0
27912,2.0,54527,0.09375,1.0,43.0
12249,1.7142857142857142,4759,0.6428571428571429,1.0,28.0
20478,2.2266666666666666,35287,0.47333333333333333,1.006711409395,33.0
22399,1.845679012345679,39455,0.30864197530864196,1.0,33.0
19909,2.130434782608696,37792,0.43478260869565216,1.0,33.0
17988,2.0655737704918034,49867,0.3114754098360656,1.0,33.0
21403,2.3857142857142857,479,0.7857142857142857,1.0,42.0
12913,2.4285714285714284,1197,0.8285714285714286,1.0,28.0
31719,2.75,84518,0.25,1.0,33.0
20501,1.711111111111111,41873,0.26666666666666666,1.0,33.0
29157,1.7916666666666667,61732,0.041666666666666664,1.0,43.0
20999,2.1020408163265305,50393,0.29591836734693877,1.0,33.0
16683,2.0614886731391584,35128,0.44983818770226536,1.003246753246,33.0
28161,2.1475409836065573,55134,0.01639344262295082,1.0,43.0
33995,1.8461538461538463,67346,0.0,1.0,33.0
31198,1.8181818181818181,63945,0.18181818181818182,1.0,33.0
25362,1.5263157894736843,31649,0.10526315789473684,1.0,33.0
26195,3.0,89035,0.0,1.0,43.0
13053,1.6153846153846154,27340,0.46153846153846156,1.0,28.0
21758,3.0,38679,0.6666666666666666,1.0,33.0
20713,2.5,0,1.0,1.0,33.0
20836,2.3333333333333335,37072,0.6666666666666666,1.0,33.0
30082,2.0,53764,0.5,1.0,37.0
26836,0.0,0,0.0,1.0,43.0
25147,2.1744791666666665,6828,0.6692708333333334,1.002610966057,43.0
20576,1.5,39476,0.3181818181818182,1.0,33.0
30388,2.1181102362204722,12876,0.5039370078740157,1.0,43.0
18821,3.0,69771,0.0,1.0,33.0
25811,4.5,132582,0.0,1.0,33.0
23796,2.1490683229813663,35841,0.3105590062111801,1.0,33.0
25960,2.3333333333333335,65484,0.16666666666666666,1.0,33.0
25290,1.641025641025641,9794,0.5641025641025641,1.0,42.0
30749,3.5,109151,0.25,1.0,33.0
31290,1.0,46096,0.0,1.0,33.0
34069,1.875,39078,0.25,1.0,33.0
14101,2.6666666666666665,60350,0.16666666666666666,1.0,28.0
29249,4.0,123891,0.0,1.0,33.0
27360,1.3333333333333333,40731,0.2222222222222222,1.0,33.0
31439,3.1666666666666665,80664,0.3333333333333333,1.0,33.0
22465,2.0239726027397262,19194,0.4349315068493151,1.0,33.0
15432,4.0,50364,1.0,1.0,28.0
14719,0.0,0,0.0,1.0,28.0
19488,2.169491525423729,59084,0.14124293785310735,1.005681818181,33.0
30978,1.3333333333333333,29938,0.0,1.0,43.0
20507,2.1923076923076925,23695,0.5,1.0,33.0
17175,4.0,59368,0.0,1.0,33.0
29661,2.6666666666666665,64437,0.3333333333333333,1.0,43.0
20613,2.169642857142857,56460,0.17857142857142858,1.0,33.0
24600,2.3529411764705883,59530,0.17647058823529413,1.0,33.0
24941,1.2222222222222223,20954,0.3333333333333333,1.0,33.0
32011,2.25,70251,0.0,1.0,43.0
27932,1.8571428571428572,45798,0.2857142857142857,1.0,33.0
20023,2.0,24004,0.0,1.0,33.0
28287,2.197530864197531,13336,0.5703703703703704,1.0,42.97530864197531
27242,5.0,204640,0.0,1.0,33.0
30892,2.0365853658536586,58692,0.17682926829268292,1.0,5.0
23902,2.1818181818181817,57320,0.2727272727272727,1.0,33.0
20066,1.8943089430894309,41606,0.36585365853658536,1.0,33.0
23753,2.0416666666666665,38935,0.16666666666666666,1.0,43.0
24786,1.7272727272727273,36595,0.0,1.0,43.0
24294,1.6666666666666667,17271,0.3333333333333333,1.0,33.0
17118,1.9703389830508475,32162,0.4194915254237288,1.0,33.0
33099,2.75,63220,0.1388888888888889,1.0,43.0
20364,2.4545454545454546,54738,0.45454545454545453,1.0,33.0
24692,2.0,44333,0.0,1.0,33.0
19723,2.0933333333333333,48907,0.37333333333333335,1.0,33.0
26215,2.125,69809,0.125,1.0,33.0
28871,1.5,0,0.5,1.0,33.0
11004,2.0543933054393304,25206,0.5313807531380753,1.004201680672,28.0
21415,2.2790697674418605,55396,0.18604651162790697,1.0,33.0
35478,2.0652173913043477,50467,0.043478260869565216,1.0,33.0
19091,0.6666666666666666,13745,0.0,1.0,33.0
23668,1.0,0,1.0,1.0,33.0
22079,4.0,52848,1.0,1.0,33.0
19732,2.046242774566474,44771,0.23121387283236994,1.0,33.0
22056,2.2244897959183674,49313,0.3469387755102041,1.0,33.0
21392,2.297872340425532,46859,0.3829787234042553,1.0,33.0
34837,2.269230769230769,41737,0.1346153846153846,1.019607843137,43.0
23359,1.2,26989,0.2,1.0,33.8
26871,1.893939393939394,41424,0.14393939393939395,1.0,33.0
34791,1.9404761904761905,45058,0.08333333333333333,1.0,43.0
12856,1.875,30907,0.46875,1.0,28.0
23762,2.0,0,1.0,1.0,33.0
25188,2.5,0,0.75,1.0,33.0
13094,1.9639639639639639,28948,0.4369369369369369,1.0,28.0
22242,1.951219512195122,0,0.7073170731707317,1.0,33.0
23499,2.473684210526316,71810,0.13157894736842105,1.0,33.0
25491,2.5,33537,0.5,1.0,33.0
32962,2.2110091743119265,46765,0.1743119266055046,1.0,43.0
20273,1.826086956521739,0,0.8260869565217391,1.0,42.0
24804,0.0,27069,0.0,1.0,33.0
25806,1.2857142857142858,38710,0.14285714285714285,1.0,37.0
22294,2.2238805970149254,53718,0.2835820895522388,1.0,33.0
28786,1.1428571428571428,19441,0.2857142857142857,1.0,33.0
26447,2.0,67908,0.07692307692307693,1.0,43.0
19709,1.64,21966,0.36,1.0,33.0
31024,2.3333333333333335,30385,0.3333333333333333,1.0,43.0
30283,1.7777777777777777,67945,0.0,1.0,33.0
23545,2.411764705882353,43820,0.29411764705882354,1.0,33.0
25514,2.1917577796467618,7916,0.6383515559293524,1.00592216582,43.0
22317,2.0240641711229945,756,0.732620320855615,1.002680965147,42.0
31047,1.608695652173913,12640,0.43478260869565216,1.0,33.0
24186,2.4166666666666665,40252,0.5833333333333334,1.0,33.0
34883,4.0,127293,0.0,1.0,43.0
27063,1.0,52548,0.0,1.0,37.0
17247,1.9935064935064934,33403,0.45454545454545453,1.0,33.0
27658,2.0,39710,0.16666666666666666,1.0,33.0
25998,3.0,33275,0.0,1.0,33.0
32484,2.8,95161,0.2,1.0,33.0
21421,2.0,34454,0.0,1.0,37.0
12576,1.9644670050761421,28026,0.5228426395939086,1.0,28.0
32876,2.763157894736842,74708,0.02631578947368421,1.027027027027,43.0
18859,1.75,24711,0.75,1.0,33.0
23722,1.5714285714285714,54515,0.2857142857142857,1.0,33.0
22394,0.5,0,0.5,1.0,33.0
18719,1.9618055555555556,36230,0.46875,1.0,33.0
23035,2.1666666666666665,0,0.8333333333333334,1.0,33.0
19214,2.3076923076923075,35173,0.5641025641025641,1.0,33.0
20542,2.642857142857143,55800,0.42857142857142855,1.0,33.0
27621,1.5,40280,0.16666666666666666,1.0,33.0
21020,2.0729166666666665,42176,0.34375,1.0,33.0
35541,2.0,42758,0.19444444444444445,1.0,43.0
12315,2.3043478260869565,37120,0.43478260869565216,1.0,28.0
35000,2.0,64627,0.0,1.0,5.0
26971,2.0,50684,0.0,1.0,33.0
28262,0.0,37986,0.0,1.0,33.0
25938,0.5,0,1.0,1.0,33.0
20588,2.130434782608696,0,0.782608695652174,1.0,33.0
14339,2.1621621621621623,7777,0.6306306306306306,1.0,28.0
34751,1.7777777777777777,53995,0.0,1.0,43.0
18275,1.8955223880597014,42142,0.26865671641791045,1.0,33.0
13990,1.8571428571428572,34263,0.21428571428571427,1.0,28.0
22941,2.4193548387096775,69207,0.25806451612903225,1.0,33.0
24810,1.0,45948,0.0,1.0,33.0
23290,2.25,44085,0.4375,1.0,33.0
27959,2.0406976744186047,42782,0.1744186046511628,1.0,43.0
26044,2.0273972602739727,0,0.7534246575342466,1.0,33.0
30615,2.75,53717,0.0,1.0,37.0
24618,2.25,0,1.0,1.0,33.0
24864,2.6666666666666665,0,1.0,1.0,33.0
11975,1.5,23339,0.3333333333333333,1.0,28.0
13698,2.111111111111111,29234,0.6507936507936508,1.0,28.0
18321,2.511111111111111,45392,0.2222222222222222,1.0,33.0
17239,2.2857142857142856,11489,0.42857142857142855,1.0,28.0
20141,0.0,0,0.0,1.0,33.0
26731,0.5,24352,0.0,1.0,33.0
26075,1.8846153846153846,49120,0.1346153846153846,1.0,33.0
25079,2.0172413793103448,8219,0.6206896551724138,1.0,36.10344827586207
18581,2.5,23645,0.5,1.0,33.0
12865,2.5789473684210527,53419,0.47368421052631576,1.0,28.0
19861,2.1346153846153846,41443,0.28846153846153844,1.0,33.0
24366,2.0625,29796,0.4375,1.0,33.0
24389,2.5,67276,0.18181818181818182,1.0,33.0
26098,2.3513513513513513,69100,0.05405405405405406,1.0,33.0
29725,3.4285714285714284,102382,0.0,1.0,33.0
29799,4.0,58140,1.0,1.0,42.0
20671,2.0887337986041876,1067,0.7397806580259222,1.00501002004,42.0
23250,1.59375,17241,0.4375,1.0,33.0
19171,1.9428571428571428,34882,0.37142857142857144,1.0,33.0
21329,1.1875,22987,0.25,1.0,33.0
24750,2.1884057971014492,61117,0.17391304347826086,1.0,33.0
21335,4.5,49164,1.0,1.0,33.0
30483,0.0,0,0.0,1.0,33.0
31242,0.0,0,0.0,1.0,33.0
14814,2.029220779220779,4677,0.6753246753246753,1.0,28.0
12656,2.2256944444444446,28260,0.5972222222222222,1.0,28.0
19099,2.093220338983051,43943,0.3926553672316384,1.0,33.0
22609,1.9701492537313432,51246,0.1791044776119403,1.0,33.0
23376,1.9285714285714286,42585,0.21428571428571427,1.0,34.714285714285715
13389,3.0,0,0.8333333333333334,1.0,28.0
14720,1.8055555555555556,4179,0.6388888888888888,1.0,28.0
24458,4.0,0,1.0,1.0,37.0
15825,2.225806451612903,31299,0.45161290322580644,1.0,28.0
23891,2.0,25508,0.4411764705882353,1.0,33.0
32055,1.75,61958,0.0,1.0,33.0
31883,1.0,0,1.0,1.0,43.0
34760,2.2,53847,0.2,1.0,33.0
23227,0.0,78780,0.0,1.0,33.0
35650,3.0,98786,0.25,1.0,5.0
21896,2.2954545454545454,46217,0.45454545454545453,1.0,33.0
12195,1.9327731092436975,34649,0.44537815126050423,1.0,28.0
30054,2.375,25436,0.375,1.0,37.0
27386,2.6666666666666665,77721,0.2222222222222222,1.0,33.0
33847,1.6666666666666667,17198,0.2222222222222222,1.0,33.0
30681,2.5,23594,0.5,1.0,33.0
22964,2.0,0,1.0,1.0,33.0
22274,1.5,34423,0.16666666666666666,1.0,33.0
30246,2.143187066974596,58383,0.17782909930715934,1.0,5.0
15347,1.0,16864,0.5,1.0,28.0
15833,1.8,47312,0.2,1.0,28.0
17113,2.3947368421052633,38197,0.6052631578947368,1.0,33.0
35464,2.422222222222222,19026,0.4888888888888889,1.0,43.0
21441,2.25,56255,0.125,1.0,33.0
26261,3.0,82248,0.5,1.0,33.0
23605,4.0,33864,1.0,1.0,33.0
17803,1.7142857142857142,48916,0.0,1.0,33.0
34282,1.6666666666666667,54531,0.0,1.0,43.0
27200,1.3333333333333333,60662,0.0,1.0,33.0
34133,2.1294642857142856,60759,0.10714285714285714,1.0,5.0
24346,2.0,88666,0.0,1.0,33.0
24830,1.894736842105263,31702,0.42105263157894735,1.0,33.0
18261,2.0254777070063694,580,0.6878980891719745,1.00641025641,42.0
28743,1.9090909090909092,52074,0.2727272727272727,1.0,33.0
13755,1.4074074074074074,36008,0.18518518518518517,1.0,28.0
34316,1.3333333333333333,42304,0.0,1.0,43.0
26751,2.4,48235,0.2,1.0,33.0
33675,2.1547619047619047,60253,0.07738095238095238,1.005988023952,5.0
19234,2.274390243902439,36203,0.2682926829268293,1.0,33.0
26396,1.826086956521739,36859,0.13043478260869565,1.0,33.0
19566,1.0,0,1.0,1.0,33.0
21535,2.0351758793969847,47167,0.3316582914572864,1.0,33.0
35358,2.0115606936416186,51598,0.09248554913294797,1.0,43.0
18378,2.264705882352941,17578,0.5294117647058824,1.0,28.0
20370,2.2714285714285714,10052,0.6571428571428571,1.0,41.22857142857143
16125,1.75,36450,0.5,1.0,28.0
30758,1.7857142857142858,54704,0.07142857142857142,1.0,33.0
30094,2.380952380952381,76743,0.047619047619047616,1.0,43.0
24143,1.5,0,0.75,1.0,33.0
16200,4.0,47517,1.0,1.0,33.0
13446,3.0,49268,1.0,1.0,28.0
35404,2.2697368421052633,46898,0.19078947368421054,1.0,43.0
25663,1.0,0,0.5,1.0,33.0
19829,1.8461538461538463,40380,0.3076923076923077,1.0,33.0
13615,2.727272727272727,40374,0.5454545454545454,1.0,28.0
21650,2.1666666666666665,53233,0.0,1.0,33.0
14273,2.057377049180328,42986,0.13934426229508196,1.0,28.0
20986,2.75,0,1.0,1.0,33.0
16958,1.8992805755395683,35849,0.3381294964028777,1.0,33.0
36360,1.9591836734693877,9812,0.5918367346938775,1.0,33.0
20963,1.4285714285714286,0,0.5714285714285714,1.0,33.0
25045,1.6,32552,0.2,1.0,33.0
21604,2.8333333333333335,31380,0.5,1.0,33.0
34957,0.5,26720,0.0,1.0,5.0
28405,2.084967320261438,50530,0.07407407407407407,1.0,42.97821350762527
17081,2.3333333333333335,42759,0.37037037037037035,1.0,33.0
23496,1.9444444444444444,51774,0.25,1.0,33.0
21919,3.3333333333333335,0,0.8333333333333334,1.0,33.0
35235,1.25,25498,0.25,1.0,5.0
24421,4.0,155664,0.0,1.0,33.0
13738,2.01980198019802,37678,0.33663366336633666,1.0,28.0
15908,1.0,18315,0.0,1.0,28.0
34001,0.0,0,0.0,1.0,33.0
23542,2.1760204081632653,45877,0.37244897959183676,1.0,33.0
21621,2.0,47713,0.2537313432835821,1.0,33.0
26542,1.0,37709,0.0,1.0,33.0
23293,2.1132075471698113,32674,0.37735849056603776,1.0,33.0
13300,2.0,0,1.0,1.0,28.0
25262,2.044776119402985,50617,0.029850746268656716,1.0,43.0
26885,2.07981220657277,41707,0.22535211267605634,1.0,43.0
28643,1.7222222222222223,33371,0.2222222222222222,1.0,33.0
22901,2.0,65708,0.3333333333333333,1.0,33.0
21610,2.310344827586207,30529,0.3448275862068966,1.0,33.0
27217,1.8888888888888888,33130,0.25925925925925924,1.0,33.0
27229,2.5714285714285716,85910,0.07142857142857142,1.0,33.0
30217,3.142857142857143,86277,0.14285714285714285,1.0,37.0
14926,2.0,35131,0.42857142857142855,1.0,28.0
26582,1.826086956521739,42990,0.30434782608695654,1.0,33.0
24323,2.5,74146,0.14285714285714285,1.0,33.0
27916,5.0,73140,0.0,1.0,33.0
25308,2.0228310502283104,36588,0.1963470319634703,1.0,43.0
23439,1.6111111111111112,0,0.6111111111111112,1.0,33.0
25646,2.097560975609756,25108,0.36585365853658536,1.0,37.0
22308,1.6666666666666667,47286,0.08333333333333333,1.0,33.0
21126,2.0952380952380953,36465,0.2857142857142857,1.0,33.0
31700,2.75,56956,0.25,1.0,40.0
22600,1.9230769230769231,39058,0.38461538461538464,1.0,33.0
27469,3.111111111111111,0,0.8888888888888888,1.0,33.0
31846,2.5,102710,0.0,1.0,43.0
13452,4.0,44232,1.0,1.0,28.0
13008,2.0,32586,0.35185185185185186,1.0,28.0
27332,1.8987730061349692,51070,0.05521472392638037,1.003076923076,43.0
14099,2.15,34155,0.4,1.0,28.0
19245,3.0,69698,0.3333333333333333,1.0,33.0
22234,2.0634920634920637,49107,0.2222222222222222,1.0,33.0
13529,2.067415730337079,33174,0.4887640449438202,1.0,28.0
26384,2.2,87390,0.0,1.0,33.0
22875,2.019963702359347,7195,0.6678765880217786,1.0,41.84573502722323
25792,2.0863309352517985,35755,0.24820143884892087,1.003610108303,33.0
34448,2.015463917525773,62666,0.10309278350515463,1.0,5.0
26121,2.473684210526316,70384,0.10526315789473684,1.0,33.0
16706,2.3333333333333335,25465,0.6666666666666666,1.0,33.0
24512,1.8235294117647058,38953,0.058823529411764705,1.0,33.0
30131,2.823529411764706,77946,0.23529411764705882,1.0,33.0
13864,1.1818181818181819,0,0.5454545454545454,1.0,28.0
24106,0.3333333333333333,0,0.3333333333333333,1.0,37.0
33758,0.75,27305,0.0,1.0,43.0
27475,0.0,0,0.0,1.0,33.0
32713,2.6666666666666665,78433,0.0,1.0,33.0
23914,2.142857142857143,5699,0.7857142857142857,1.0,33.0
13100,1.803030303030303,41406,0.25757575757575757,1.0,28.0
26742,1.7142857142857142,51512,0.14285714285714285,1.0,33.0
21756,2.625,50698,0.125,1.0,33.0
17920,5.0,160302,1.0,1.0,33.0
32576,1.0,41343,0.0,1.0,33.0
25437,1.5,61668,0.07142857142857142,1.0,33.0
18627,2.0514285714285716,1068,0.72,1.005747126436,42.0
21209,1.7333333333333334,28422,0.4666666666666667,1.0,33.0
19958,1.0,54916,0.0,1.0,33.0
21850,1.5,40036,0.16666666666666666,1.0,33.0
27801,1.0,8644,0.2,1.0,37.0
24063,2.1176470588235294,45567,0.29411764705882354,1.0,37.0
28465,3.3333333333333335,65563,0.3333333333333333,1.0,33.0
24014,0.5,17194,0.0,1.0,33.0
27383,3.5,60518,0.75,1.0,33.0
27160,2.106463878326996,8512,0.6045627376425855,1.0,33.0
25417,4.333333333333333,85735,0.6666666666666666,1.0,33.0
15195,2.3088235294117645,7033,0.6875,1.0,28.0
28714,1.9230769230769231,34979,0.23076923076923078,1.0,33.0
16240,1.3888888888888888,0,0.5555555555555556,1.0,28.0
31382,1.4,17122,0.4,1.0,33.0
22179,2.1515151515151514,44815,0.24242424242424243,1.0,33.0
26021,2.5,0,0.75,1.0,42.0
34179,2.3333333333333335,53256,0.3333333333333333,1.0,33.0
24386,4.0,198392,0.0,1.0,33.0
35604,1.65,35046,0.4,1.0,42.0
16383,2.3333333333333335,5004,0.6666666666666666,1.0,28.0
30194,0.6666666666666666,5101,0.3333333333333333,1.0,33.0
21538,1.1666666666666667,0,0.6666666666666666,1.0,33.0
23957,1.0,9759,0.25,1.0,33.0
21942,2.262295081967213,41989,0.16393442622950818,1.0,33.0
21979,2.1470588235294117,39961,0.14705882352941177,1.0,33.0
32258,1.0,38286,0.0,1.0,43.0
27246,1.9104477611940298,53694,0.14925373134328357,1.0,33.0
23416,1.8734177215189873,30412,0.189873417721519,1.0,33.0
16675,2.4166666666666665,19393,0.5,1.0,33.0
30151,1.0,0,1.0,1.0,33.0
17316,1.7922077922077921,45928,0.16233766233766234,1.0,33.0
21097,1.8541666666666667,51385,0.125,1.0,33.0
27146,1.9,56236,0.16666666666666666,1.0,33.0
26605,2.25,43436,0.5,1.0,33.0
31972,1.0,39570,0.0,1.0,37.0
21787,1.7916666666666667,39574,0.125,1.0,33.0
13380,1.5,35420,0.25,1.0,28.0
20362,1.9339622641509433,33049,0.44339622641509435,1.0,33.0
31723,1.7777777777777777,36715,0.2962962962962963,1.0,33.0
16526,2.5128205128205128,29283,0.5128205128205128,1.0,32.743589743589745
12690,2.0,42015,0.5,1.0,28.0
34969,2.0,88517,0.25,1.0,5.0
21444,5.0,0,1.0,1.0,33.0
14411,2.3333333333333335,30609,0.6666666666666666,1.0,28.0
22008,2.235294117647059,57385,0.20588235294117646,1.0,33.0
30759,2.4375,73482,0.1875,1.0,33.0
17763,1.35,41126,0.2,1.0,33.0
27201,2.0980392156862746,44778,0.21568627450980393,1.0,33.0
22031,1.890625,37835,0.359375,1.0,33.0
17809,2.1272727272727274,4270,0.7272727272727273,1.0,28.0
23405,1.8958333333333333,40120,0.3333333333333333,1.0,33.0
20749,2.147727272727273,6640,0.7159090909090909,1.0,42.0
20208,1.9230769230769231,0,0.7692307692307693,1.0,33.0
26159,1.8,69648,0.2,1.0,43.0
22764,2.0606060606060606,34545,0.3939393939393939,1.010204081632,37.0
20517,1.9298245614035088,46459,0.14035087719298245,1.0,33.0
29671,1.6428571428571428,59585,0.07142857142857142,1.0,33.0
26422,3.0,73844,0.42857142857142855,1.0,33.0
28343,3.0,39184,0.5,1.0,33.0
20843,1.5,43512,0.5,1.0,33.0
16953,2.5555555555555554,6973,0.7407407407407407,1.0,28.0
23451,1.7058823529411764,44534,0.23529411764705882,1.0,33.0
23643,2.27007299270073,41127,0.26277372262773724,1.0,34.77372262773723
12236,2.0864197530864197,31569,0.5185185185185185,1.0,28.0
21553,2.3401639344262297,48778,0.4016393442622951,1.0,33.0
32966,1.96,40902,0.304,1.0,5.0
26794,2.460526315789474,5328,0.6842105263157895,1.0,33.0
22810,2.4285714285714284,56397,0.19047619047619047,1.0,33.0
20866,2.5454545454545454,53149,0.36363636363636365,1.0,33.0
30899,2.25,68029,0.25,1.0,33.0
22956,0.0,53153,0.0,1.0,33.0
15113,1.5294117647058822,34870,0.29411764705882354,1.0,28.0
18018,2.2758620689655173,52229,0.28735632183908044,1.0,33.0
22014,1.5,0,1.0,1.0,33.0
35390,2.5,71045,0.0,1.0,5.0
32734,1.08,29327,0.12,1.0,43.0
35236,2.1016949152542375,21666,0.4406779661016949,1.0,5.0
15717,2.0,341,0.7551020408163265,1.0,28.0
27564,1.0,0,1.0,1.0,43.0
26236,1.7777777777777777,0,0.7777777777777778,1.0,33.0
24576,0.8,32648,0.0,1.0,33.0
17391,1.6888888888888889,38761,0.24444444444444444,1.0,33.0
17723,2.0256410256410255,47427,0.3076923076923077,1.0,33.0
13739,2.888888888888889,23384,0.3333333333333333,1.0,28.0
30719,2.0,108924,0.0,1.0,33.0
26036,1.75,42419,0.125,1.0,33.0
22655,2.263157894736842,45048,0.5263157894736842,1.0,33.0
17036,1.8095238095238095,28181,0.2857142857142857,1.0,33.0
24622,2.4444444444444446,28289,0.3333333333333333,1.0,33.0
32233,2.0,87888,0.0,1.0,33.0
21513,1.9074074074074074,66171,0.18518518518518517,1.0,33.0
28005,2.2884615384615383,58204,0.25,1.0,33.0
32588,1.75,41900,0.25,1.0,33.0
12276,2.764705882352941,44451,0.4117647058823529,1.0,28.0
13693,1.7254901960784315,36377,0.39215686274509803,1.0,28.0
13301,1.954954954954955,27708,0.5405405405405406,1.0,28.0
27324,2.0476190476190474,56394,0.07142857142857142,1.0,43.0
31646,2.1176470588235294,46157,0.058823529411764705,1.0,33.0
19552,2.1144278606965172,46834,0.40298507462686567,1.0,33.0
12568,2.18,43124,0.38,1.0,28.0
31208,1.947867298578199,54434,0.11374407582938388,1.004761904761,5.0
23388,2.3658536585365852,50852,0.34146341463414637,1.0,33.0
20388,1.9473684210526316,46154,0.19298245614035087,1.0,33.0
32041,2.341666666666667,11147,0.6083333333333333,1.0,33.0
21814,1.0625,28012,0.25,1.0,33.0
32780,1.1176470588235294,22351,0.058823529411764705,1.0,43.0
24862,1.963855421686747,52953,0.24096385542168675,1.0,33.0
21862,1.9090909090909092,17435,0.6363636363636364,1.0,33.0
24370,1.6923076923076923,52249,0.19230769230769232,1.0,33.0
25838,2.0,44002,0.11290322580645161,1.0,33.0
23348,1.9622641509433962,44474,0.09433962264150944,1.0,43.0
23039,2.0,47835,0.3090909090909091,1.0,33.0
22043,2.275,35094,0.2625,1.0,33.0
23205,2.1818181818181817,50247,0.18181818181818182,1.0,37.0
19246,2.2544378698224854,52553,0.3431952662721893,1.0,33.0
25412,2.0,33406,0.2727272727272727,1.0,33.0
29064,2.0,47991,0.25,1.0,43.0
33404,2.1774193548387095,50706,0.22580645161290322,1.0,5.0
24865,2.25,47640,0.25,1.0,33.0
25910,5.0,0,1.0,1.0,33.0
33570,1.5,52448,0.0,1.0,33.0
23703,1.0,27010,0.5,1.0,33.0
14406,2.015267175572519,28382,0.32061068702290074,1.0,28.0
28801,0.75,27940,0.0,1.0,36.0
23417,1.8421052631578947,55306,0.21052631578947367,1.0,33.0
19930,2.2857142857142856,38171,0.7142857142857143,1.0,33.0
22094,2.272727272727273,53092,0.2727272727272727,1.0,33.0
22515,2.0,53791,0.16666666666666666,1.0,33.0
22592,2.6,60208,0.3,1.0,33.0
24436,2.0,64550,0.13333333333333333,1.0,33.0
16515,3.6666666666666665,53333,0.3333333333333333,1.0,28.0
27945,3.5,5244,0.8,1.0,33.0
25953,1.969387755102041,54284,0.10204081632653061,1.0,43.0
22000,0.0,38085,0.0,1.0,33.0
36040,0.0,16334,0.0,1.0,5.0
24579,2.0749185667752443,53959,0.21172638436482086,1.0,33.0
18579,1.9157608695652173,37398,0.328804347826087,1.0,33.0
21284,1.5,44311,0.08333333333333333,1.0,33.0
29448,2.0952380952380953,52715,0.14285714285714285,1.0,33.0
27284,1.8571428571428572,62352,0.0,1.0,43.0
23989,1.5,36988,0.5,1.0,33.0
28417,1.9615384615384615,48483,0.07692307692307693,1.0,5.0
37832,2.4166666666666665,12757,0.5833333333333334,1.0,33.0
20022,2.590909090909091,43119,0.5454545454545454,1.0,33.0
15931,2.0,52208,0.2222222222222222,1.0,28.0
22535,2.038095238095238,38229,0.4095238095238095,1.0,33.0
17305,1.9044117647058822,39602,0.19117647058823528,1.0,33.0
21055,2.295774647887324,55347,0.30985915492957744,1.0,33.0
30301,0.5,0,0.5,1.0,33.0
28323,2.1333333333333333,50644,0.2,1.0,33.0
17368,2.5555555555555554,33669,0.6296296296296297,1.0,33.0
25569,2.4395604395604398,987,0.8241758241758241,1.0,33.0
23909,2.3333333333333335,26615,0.5555555555555556,1.0,33.0
24685,2.0588235294117645,43113,0.4117647058823529,1.0,33.0
20357,2.1923076923076925,27947,0.5,1.0,33.0
33341,1.6666666666666667,45261,0.0,1.0,33.0
29013,0.5,0,0.5,1.0,33.0
28480,2.1,52126,0.3,1.0,33.0
16621,2.2653061224489797,7188,0.7142857142857143,1.0,28.0
21147,2.4186046511627906,44930,0.45348837209302323,1.0,33.0
18393,2.55,47816,0.3,1.0,33.0
23560,1.6666666666666667,24217,0.3333333333333333,1.0,33.0
27639,2.5555555555555554,0,0.8888888888888888,1.0,37.0
21396,2.25,32245,0.0,1.0,33.0
19724,1.7,18919,0.4,1.0,35.8
35313,2.0,64870,0.02857142857142857,1.0,43.0
26067,1.4285714285714286,0,0.5714285714285714,1.0,42.0
32657,1.4,34053,0.2,1.0,33.0
29004,1.9846153846153847,60584,0.12307692307692308,1.0,33.0
18854,2.042682926829268,28409,0.3353658536585366,1.0,33.0
33581,2.0,40247,0.25,1.0,42.0
20846,1.9285714285714286,54526,0.21428571428571427,1.0,33.0
19472,2.1228813559322033,51023,0.18220338983050846,1.0,33.0
14208,0.0,0,0.0,1.0,28.0
27845,1.7,31591,0.2,1.0,43.0
14446,1.0,23758,0.4,1.0,28.0
33773,2.142361111111111,60950,0.10069444444444445,1.0,5.0
27822,2.0,51219,0.1794871794871795,1.0,16.564102564102566
13166,2.125,28519,0.5416666666666666,1.0,28.0
31658,1.5714285714285714,51029,0.14285714285714285,1.0,43.0
19733,2.09375,1661,0.78125,1.0,33.0
33704,1.875,9218,0.4583333333333333,1.0,33.0
22884,2.0,0,0.5,1.0,36.0
19564,2.2580645161290325,35607,0.41935483870967744,1.0,33.0
26448,1.9712918660287082,49322,0.09090909090909091,1.004807692307,43.0
12210,2.121212121212121,39204,0.36363636363636365,1.0,28.0
24456,1.9019607843137254,48171,0.21568627450980393,1.0,33.0
21579,0.2,9805,0.0,1.0,33.0
32153,1.5,0,0.75,1.0,33.0
23437,2.423076923076923,81144,0.11538461538461539,1.0,33.0
23840,2.4,72138,0.4,1.0,33.0
26674,2.0,44870,0.5,1.0,33.0
22097,4.0,146766,0.0,1.0,33.0
18576,1.5,32847,0.5,1.0,33.0
27361,2.0,63148,0.2,1.0,33.0
21078,1.0,0,1.0,1.0,33.0
33218,4.0,87019,0.25,1.0,43.0
22395,0.0,0,0.0,1.0,33.0
29296,0.0,0,0.0,1.0,33.0
12671,2.0996563573883162,32629,0.46735395189003437,1.003448275862,28.0
23036,2.5,38204,0.5,1.0,33.0
25987,3.5,53841,0.0,1.0,33.0
24327,4.0,110406,0.0,1.0,33.0
18768,2.1733333333333333,50853,0.26666666666666666,1.0,33.0
22604,2.4,67211,0.0,1.0,33.0
19455,2.6666666666666665,36730,0.5,1.0,33.0
28160,2.1904761904761907,62922,0.13095238095238096,1.0,33.0
12957,2.642857142857143,33182,0.35714285714285715,1.0,28.0
23291,2.7333333333333334,27425,0.8,1.0,42.0
11237,2.0898876404494384,26478,0.550561797752809,1.0,28.0
25893,1.8034682080924855,44534,0.2254335260115607,1.0,33.0
15814,2.2857142857142856,19608,0.5714285714285714,1.0,33.0
26880,2.263157894736842,62729,0.10526315789473684,1.0,43.0
25993,1.4696969696969697,27567,0.18181818181818182,1.0,33.0
22993,1.2142857142857142,32670,0.17857142857142858,1.0,33.0
24321,3.5,93327,0.0,1.0,33.0
25206,2.0357142857142856,32693,0.2857142857142857,1.0,37.0
20829,2.25,46827,0.25,1.0,33.0
25008,2.1171171171171173,40368,0.3963963963963964,1.0,33.0
22518,2.144230769230769,23046,0.4423076923076923,1.0,33.03846153846154
33664,3.0,56787,0.0,1.0,33.0
28732,2.0,47666,0.3125,1.0,33.0
21238,5.0,85710,0.0,1.0,33.0
23465,2.287179487179487,54037,0.2923076923076923,1.0,33.0
20219,2.032258064516129,51317,0.25806451612903225,1.0,33.0
25223,1.90625,48757,0.03125,1.0,43.0
27046,1.1428571428571428,24541,0.0,1.0,43.0
31125,2.125,87263,0.0,1.0,43.0
33856,2.1515151515151514,9234,0.6060606060606061,1.0,43.0
28065,2.0,0,1.0,1.0,33.0
14766,2.0569620253164556,40345,0.43037974683544306,1.0,28.0
31343,2.5555555555555554,26690,0.5555555555555556,1.0,43.0
33999,1.8,46045,0.2,1.0,33.0
26766,5.0,120445,0.0,1.0,33.0
14672,2.308333333333333,37444,0.5166666666666667,1.0,28.0
21281,0.6666666666666666,25174,0.0,1.0,33.0
31294,2.0555555555555554,60583,0.05555555555555555,1.0,33.0
22561,1.0,108158,0.0,1.0,33.0
18751,2.1176470588235294,50303,0.2647058823529412,1.0,33.0
19243,2.0,11276,0.5,1.0,33.0
13341,2.25,6826,0.75,1.0,28.0
14005,2.0,17319,0.6666666666666666,1.0,28.0
14105,1.96,29966,0.28,1.0,28.0
26176,1.855421686746988,535,0.7228915662650602,1.0,37.0
22761,2.388888888888889,0,0.7777777777777778,1.0,33.0
21599,2.909090909090909,42699,0.7272727272727273,1.0,33.0
28334,2.2857142857142856,37247,0.14285714285714285,1.0,33.0
24433,2.0,55986,0.0,1.0,33.0
27089,2.0,0,1.0,1.0,33.0
23863,2.1724137931034484,52891,0.3103448275862069,1.0,33.0
27693,2.054054054054054,39204,0.32432432432432434,1.0,33.0
16369,2.6666666666666665,32812,0.6666666666666666,1.0,28.0
13713,1.9,45989,0.2,1.0,28.0
19976,2.314516129032258,50078,0.3548387096774194,1.0,33.0
25372,2.4473684210526314,65861,0.19298245614035087,1.0,33.0
22581,2.033333333333333,44756,0.36666666666666664,1.0,33.0
25913,2.6666666666666665,84301,0.16666666666666666,1.0,33.0
27003,2.119047619047619,18045,0.4166666666666667,1.0,43.0
20511,2.033333333333333,44004,0.29333333333333333,1.0,33.0
30596,2.2,58115,0.08,1.0,33.0
11998,2.033333333333333,26528,0.4666666666666667,1.0,28.0
20660,1.2307692307692308,16185,0.3076923076923077,1.0,33.0
28326,1.8421052631578947,53440,0.05263157894736842,1.0,33.0
28824,2.0,37426,0.0,1.0,33.0
30441,2.6666666666666665,122747,0.0,1.0,33.0
21393,2.117391304347826,42142,0.3652173913043478,1.0,33.0
19721,1.7142857142857142,11289,0.5714285714285714,1.0,33.0
12296,2.611111111111111,38352,0.3888888888888889,1.0,28.0
19329,2.230769230769231,11191,0.6153846153846154,1.0,33.0
28034,1.75,54017,0.0,1.0,43.0
22198,1.875,47058,0.125,1.0,33.0
20609,1.6666666666666667,39589,0.1794871794871795,1.0,33.0
18949,1.0,27497,0.0,1.0,33.0
13708,2.5294117647058822,45171,0.17647058823529413,1.0,28.0
33250,1.7619047619047619,4699,0.6349206349206349,1.0,43.0
34578,1.9565217391304348,14854,0.5,1.0,33.0
23217,1.8571428571428572,62237,0.0,1.0,33.0
33035,1.8,49911,0.1,1.0,43.0
11100,3.5,86047,1.0,1.0,28.0
27153,2.0784313725490198,56303,0.11764705882352941,1.0,33.0
22152,1.8333333333333333,22413,0.3333333333333333,1.0,33.0
19235,1.6428571428571428,59983,0.07142857142857142,1.0,33.0
19828,2.0,0,1.0,1.0,33.0
33081,2.090909090909091,39667,0.18181818181818182,1.0,43.0
21511,1.0,0,1.0,1.0,42.0
25138,2.0,41218,0.0,1.0,33.0
21039,2.2531645569620253,40039,0.26582278481012656,1.0,33.0
23689,2.1147540983606556,0,0.7868852459016393,1.0,42.0
27608,1.6923076923076923,61893,0.15384615384615385,1.0,33.0
28510,2.142857142857143,61683,0.07142857142857142,1.0,33.0
22338,2.12,28352,0.56,1.0,33.0
16905,1.5714285714285714,0,0.5714285714285714,1.0,28.0
15577,2.75,36688,0.5,1.0,28.0
20841,2.141509433962264,46865,0.375,1.0,33.0
28464,3.5,117895,0.5,1.0,33.0
24528,2.210280373831776,48333,0.35046728971962615,1.0,33.0
22856,2.0,12248,0.5,1.0,33.0
21860,2.6666666666666665,48636,0.3333333333333333,1.0,37.0
18362,0.0,0,0.0,1.0,33.0
21528,1.3333333333333333,24819,0.3333333333333333,1.0,33.0
30078,2.217948717948718,53547,0.14743589743589744,1.003215434083,33.0
21766,1.9795918367346939,50445,0.14285714285714285,1.0,33.0
26426,2.43859649122807,87694,0.08771929824561403,1.0,33.0
26543,1.894736842105263,54555,0.21052631578947367,1.0,33.0
32580,2.3333333333333335,51203,0.0,1.0,33.0
23543,0.0,0,0.0,1.0,33.0
34309,2.6666666666666665,37349,0.3333333333333333,1.0,5.0
22902,2.65,64501,0.075,1.0,43.0
21411,2.0,20334,0.5,1.0,33.0
23048,2.1714285714285713,5023,0.6857142857142857,1.0,42.0
22948,2.216666666666667,37796,0.2222222222222222,1.0,43.0
27270,2.5,72955,0.25,1.0,33.0
17784,1.9393939393939394,35814,0.21212121212121213,1.0,33.0
20778,3.0,0,0.6666666666666666,1.0,33.0
24027,1.375,25882,0.125,1.0,33.0
33519,2.0,77700,0.0,1.0,33.0
23635,2.4285714285714284,4779,0.6428571428571429,1.0,42.0
22793,1.7857142857142858,15162,0.44642857142857145,1.0,33.0
31160,2.1379310344827585,49750,0.06896551724137931,1.0,43.0
17143,2.259259259259259,2657,0.7777777777777778,1.0,28.0
12520,2.3157894736842106,47107,0.3684210526315789,1.0,28.0
31793,1.8,50804,0.0,1.0,37.0
30957,2.7142857142857144,54003,0.7142857142857143,1.0,33.0
34793,1.3333333333333333,46924,0.0,1.0,5.0
33127,0.0,19267,0.0,1.0,43.0
23240,2.45,51534,0.3,1.0,37.0
24073,2.4,33237,0.3333333333333333,1.0,33.0
21073,2.5,10941,1.0,1.0,33.0
11338,1.8387096774193548,26870,0.5483870967741935,1.0,28.0
22994,1.9393939393939394,38448,0.3333333333333333,1.0,33.0
21663,3.0,89171,0.5,1.0,33.0
24319,1.125,28670,0.125,1.0,33.0
25255,2.0803212851405624,52494,0.21686746987951808,1.0,33.0
31206,1.6818181818181819,38307,0.13636363636363635,1.0,43.0
24714,0.6666666666666666,24304,0.0,1.0,33.0
36771,2.1885245901639343,15170,0.5327868852459017,1.0,43.0
24107,2.0,33518,0.5714285714285714,1.0,33.0
29182,1.25,40059,0.125,1.0,33.0
18368,2.6315789473684212,68900,0.3684210526315789,1.0,33.0
28115,2.0,50985,0.3333333333333333,1.0,33.0
20598,2.375,17679,0.375,1.0,33.0
29752,2.0,46983,0.0,1.0,37.0
26051,1.5,26329,0.0,1.0,33.0
32408,1.0,45638,0.0,1.0,43.0
25481,2.088888888888889,54124,0.26666666666666666,1.0,33.0
24485,2.1176470588235294,45315,0.17647058823529413,1.0,33.0
23821,1.3333333333333333,0,0.6666666666666666,1.0,33.0
28398,2.5,36549,0.0,1.0,33.0
19175,2.0153846153846153,40256,0.2923076923076923,1.0,33.0
28421,2.0,28114,0.42857142857142855,1.0,43.0
26835,1.0,34497,0.0,1.0,43.0
30436,2.0,51003,0.18382352941176472,1.0,33.0
29446,2.164383561643836,12461,0.5616438356164384,1.001960784313,43.0
28023,2.5,70588,0.2857142857142857,1.0,33.0
35772,1.0,46679,0.0,1.0,33.0
26002,2.1586538461538463,43410,0.20673076923076922,1.0,43.0
25959,3.5,87404,0.0,1.0,43.0
24846,1.5,54814,0.0,1.0,33.0
20641,2.0,35106,0.0,1.0,33.0
27310,1.967741935483871,49727,0.06451612903225806,1.0,43.0
19908,2.230769230769231,2705,0.6923076923076923,1.0,42.0
19244,1.48,28771,0.2,1.0,33.0
24654,4.0,0,1.0,1.0,33.0
24577,1.5,43930,0.125,1.0,33.0
23423,2.0344827586206895,33587,0.25862068965517243,1.008695652173,43.0
33874,2.085714285714286,68579,0.08571428571428572,1.0,5.0
15480,1.9166666666666667,3285,0.625,1.0,28.0
16370,1.16,29652,0.24,1.0,28.0
33588,2.2295081967213113,17375,0.4426229508196721,1.0,43.0
22086,1.8666666666666667,20607,0.4666666666666667,1.0,33.0
16762,1.88,0,0.76,1.0,28.0
11272,1.9090909090909092,20458,0.5454545454545454,1.0,28.0
25381,1.588235294117647,0,0.7058823529411765,1.0,42.0
24256,0.0,22535,0.0,1.0,33.0
18242,1.9563106796116505,32237,0.47572815533980584,1.0,33.0
27731,2.2941176470588234,46966,0.058823529411764705,1.0,43.0
16419,2.0,0,1.0,1.0,28.0
24007,2.0588235294117645,47149,0.17647058823529413,1.0,33.0
31618,0.0,0,0.0,1.0,33.0
22335,2.8333333333333335,60075,0.3333333333333333,1.0,33.0
26257,2.75,56902,0.125,1.0,33.0
20114,2.3333333333333335,0,0.8070175438596491,1.0,33.0
33098,1.75,50965,0.1388888888888889,1.0,5.0
24342,1.8372093023255813,40381,0.20930232558139536,1.0,33.0
24348,1.8048780487804879,19092,0.3902439024390244,1.0,34.46341463414634
32463,2.1452991452991452,48174,0.1623931623931624,1.0,33.0
18299,2.197604790419162,48245,0.281437125748503,1.0,33.0
20463,2.1666666666666665,57473,0.0,1.0,33.0
32998,2.25,46274,0.0,1.0,43.0
28627,2.2,41019,0.0,1.0,43.0
22327,2.087378640776699,40283,0.2815533980582524,1.0,33.0
18740,1.6764705882352942,35160,0.29411764705882354,1.0,33.0
27147,2.008169934640523,50010,0.25,1.0,33.0
11507,2.3666666666666667,23684,0.5333333333333333,1.0,28.0
31724,2.2857142857142856,64756,0.14285714285714285,1.0,33.0
34721,2.230769230769231,22612,0.34615384615384615,1.0,33.0
17999,3.3333333333333335,22716,0.6666666666666666,1.0,28.0
22427,3.0,0,0.6666666666666666,1.0,33.0
20804,2.111111111111111,78863,0.1111111111111111,1.0,33.0
29194,2.082802547770701,58882,0.044585987261146494,1.0,43.0
23360,1.8333333333333333,35397,0.16666666666666666,1.0,33.0
23907,1.6,9308,0.6,1.0,33.0
21817,2.3,55369,0.2,1.0,33.0
18474,1.875,20660,0.4166666666666667,1.0,33.0
26085,2.5,114324,0.0,1.0,33.0
21130,1.5,0,0.5,1.0,42.0
21531,1.9714285714285715,58736,0.17142857142857143,1.0,33.0
17618,1.6666666666666667,1351,0.8666666666666667,1.0,28.0
23452,2.0707070707070705,49063,0.23232323232323232,1.0,33.0
23861,3.0,71328,0.3333333333333333,1.0,33.0
33602,3.75,74373,0.5,1.0,43.0
30330,2.0575221238938055,10926,0.5777496839443742,1.006361323155,43.0
11475,2.0096618357487923,25547,0.5531400966183575,1.002421307506,28.0
28787,2.2857142857142856,11951,0.42857142857142855,1.0,43.0
19633,1.75,0,0.625,1.0,28.0
20844,2.0,37584,1.0,1.0,33.0
33725,2.057471264367816,11004,0.6091954022988506,1.0,43.0
23744,2.1762114537444934,39312,0.2422907488986784,1.0,33.0
13588,2.3529411764705883,54082,0.3235294117647059,1.0,28.0
21159,3.6666666666666665,0,1.0,1.0,33.0
15580,1.0,23810,0.0,1.0,28.0
33579,2.0,6209,0.6417910447761194,1.0,33.0
20226,2.206896551724138,44052,0.3620689655172414,1.0,33.0
22341,1.9523809523809523,39609,0.38095238095238093,1.0,33.0
23005,1.0,0,1.0,1.0,33.0
13797,2.0730593607305936,29981,0.4977168949771689,1.0,28.0
19453,2.030534351145038,39500,0.42748091603053434,1.0,33.0
13951,1.5,26779,0.42857142857142855,1.0,28.0
18860,2.0,35699,0.16666666666666666,1.0,33.0
13442,2.2,22262,0.6,1.0,28.0
16098,2.0963855421686746,6639,0.6626506024096386,1.0,28.0
25049,2.4,30633,0.6,1.0,42.0
28252,2.7142857142857144,59963,0.14285714285714285,1.0,43.0
24717,1.0,25689,0.0,1.0,33.0
26981,2.0,8927,0.631578947368421,1.0,42.0
14083,1.9230769230769231,49943,0.15384615384615385,1.0,28.0
20735,0.0,0,0.0,1.0,33.0
27313,2.0,0,0.5,1.0,33.0
14933,1.9328859060402686,35499,0.37583892617449666,1.006756756756,28.0
29626,1.0,93376,0.0,1.0,43.0
18019,3.75,85168,0.5,1.0,33.0
28298,1.5,40162,0.16666666666666666,1.0,43.0
27027,2.292682926829268,1989,0.8048780487804879,1.0,42.0
20873,2.1818181818181817,30432,0.3409090909090909,1.023255813953,33.0
23535,3.1904761904761907,3887,0.9047619047619048,1.0,33.0
21170,2.75,36338,0.5,1.0,37.0
13350,0.3333333333333333,5508,0.3333333333333333,1.0,28.0
14684,1.875,46761,0.5625,1.0,28.0
24465,2.875,66549,0.375,1.0,33.0
22504,2.2,49777,0.3,1.0,33.0
19994,2.0615384615384613,23024,0.4027972027972028,1.004213483146,33.0
30814,4.0,52635,1.0,1.0,33.0
24763,1.9682539682539681,56761,0.23809523809523808,1.0,33.0
28206,1.9019607843137254,38653,0.21568627450980393,1.0,43.0
13943,2.380952380952381,47342,0.47619047619047616,1.0,28.0
26386,1.3333333333333333,17380,0.6666666666666666,1.0,33.0
19353,3.0,0,0.75,1.0,33.0
30937,2.5454545454545454,53164,0.18181818181818182,1.0,43.0
20621,1.1388888888888888,21209,0.2777777777777778,1.0,33.0
27356,2.230769230769231,39113,0.3076923076923077,1.0,43.0
24937,2.8421052631578947,29125,0.3157894736842105,1.0,33.0
22281,1.5,43387,0.25,1.0,33.0
27379,2.085561497326203,39885,0.16755793226381463,1.0,43.0
12557,1.6,19865,0.45,1.0,28.0
19221,2.75,62046,0.25,1.0,33.0
25221,1.7142857142857142,48517,0.14285714285714285,1.0,37.0
25719,2.3333333333333335,33064,0.2,1.0,33.666666666666664
24084,2.25,43848,0.5,1.0,33.0
19719,4.333333333333333,89643,0.6666666666666666,1.0,33.0
27877,0.0,0,0.0,1.0,5.0
23492,4.4,0,1.0,1.0,33.0
23798,2.1739130434782608,38433,0.20869565217391303,1.0,43.0
25888,2.09375,39752,0.3229166666666667,1.0,33.0
13433,2.051282051282051,32475,0.5299145299145299,1.0,28.0
22802,2.125,49729,0.125,1.0,33.0
22610,2.5555555555555554,62767,0.1111111111111111,1.0,33.0
26031,2.5,71817,0.0,1.0,33.0
32689,1.85,53962,0.05,1.0,43.0
21952,1.5,43906,0.0,1.0,33.0
14713,2.3333333333333335,61932,0.26666666666666666,1.0,28.0
19172,2.0228136882129277,38291,0.4144486692015209,1.003816793893,33.0
23967,2.2857142857142856,52542,0.2857142857142857,1.0,33.0
26838,2.0757575757575757,45204,0.12121212121212122,1.0,42.54545454545455
24010,1.25,32469,0.125,1.0,33.0
21305,2.6,72334,0.13333333333333333,1.0,33.0
24482,2.172932330827068,57993,0.15789473684210525,1.0,33.0
27479,0.875,9861,0.375,1.0,43.0
32646,1.5714285714285714,11741,0.4,1.0,33.0
25982,1.0,28712,0.0,1.0,33.0
23890,2.1904761904761907,51802,0.14285714285714285,1.0,33.0
32005,1.0,16500,0.0,1.0,33.0
27456,2.0,15551,0.0,1.0,33.0
18694,2.087248322147651,36619,0.48322147651006714,1.006756756756,33.0
27777,1.8181818181818181,51116,0.18181818181818182,1.0,43.0
31535,1.0,52511,0.0,1.0,43.0
16238,1.6842105263157894,27856,0.42105263157894735,1.0,33.0
33387,1.9795918367346939,7600,0.5714285714285714,1.0,43.0
21989,2.2941176470588234,43479,0.29411764705882354,1.0,33.0
33648,3.0,58479,0.3333333333333333,1.0,43.0
20317,1.9375,47144,0.25,1.0,33.0
28667,2.0436005625879043,14791,0.4978902953586498,1.006369426751,43.0
25335,2.0,480,0.6666666666666666,1.0,42.0
32995,2.5,82905,0.0,1.0,33.0
20950,0.5,10479,0.0,1.0,33.0
18786,2.2222222222222223,40968,0.3333333333333333,1.0,33.0
27685,1.2222222222222223,45188,0.0,1.0,43.0
24004,2.0568181818181817,50567,0.31477272727272726,1.005714285714,33.0
14856,2.2142857142857144,48600,0.32142857142857145,1.0,28.0
10528,2.057471264367816,27034,0.5632183908045977,1.0,28.0
17512,2.117021276595745,43187,0.40425531914893614,1.0,33.0
36496,2.4482758620689653,14277,0.5517241379310345,1.0,33.0
29998,2.0,13959,0.5,1.0,33.0
33785,1.6666666666666667,23272,0.3333333333333333,1.0,43.0
34332,0.5,10991,0.0,1.0,33.0
30147,2.36,58717,0.26,1.0,33.0
26560,2.357142857142857,64875,0.21428571428571427,1.0,33.0
16573,1.8,10771,0.6666666666666666,1.0,28.0
37970,1.8888888888888888,0,0.6666666666666666,1.0,33.0
32560,4.0,109736,0.0,1.0,43.0
28673,1.4545454545454546,30147,0.09090909090909091,1.0,43.0
19427,1.6842105263157894,47946,0.10526315789473684,1.0,33.0
22673,4.5,51320,1.0,1.0,37.0
24296,1.6666666666666667,29036,0.3333333333333333,1.0,33.0
